Title,Author,Published,Topic
,,,
,,,
,,,
,,,
,,,
,,,
,,,
,,,
,,,
,,,
,,,
,,,
,,,
,,,
,,,
,,,
,,,
,,,
,,,
,,,
,,,
,,,
,,,
,,,
,,,
,,,
,,,
,,,
,,,
,,,
,,,
,,,
,,,
,,,
,,,
,,,
,,,
,,,
,,,
,,,
,,,
,,,
,,,
,,,
,,,
,,,
Title
""
Title
Jill Biden Doesn’t Want to Tell You What She Is Wearing
Title
Jill Biden Doesn’t Want to Tell You What She Is Wearing
"In Israel, Ron DeSantis Promotes His Foreign Policy Credentials"
"The Tiny, Tight-Lipped Circle of Aides Guiding Biden 2024"
"Airman Accused of Leak Has History of Racist and Violent Remarks, Filing Says"
"Trump Can’t Stop Pence From Testifying to Jan. 6 Grand Jury, Court Rules"
"Korean Dressing, Irish Poetry and ‘American Pie’: A State Dinner of Harmony"
House Republicans Pass Debt Ceiling Bill
"In Bipartisan Bill, Senators Urge Supreme Court to Adopt Ethics Code"
"On Eve of Trial, Discovery of Carlson Texts Set Off Crisis Atop Fox"
First Republic Lurches as It Struggles to Find a Savior
Title
Jill Biden Doesn’t Want to Tell You What She Is Wearing
"In Israel, Ron DeSantis Promotes His Foreign Policy Credentials"
"The Tiny, Tight-Lipped Circle of Aides Guiding Biden 2024"
"Airman Accused of Leak Has History of Racist and Violent Remarks, Filing Says"
"Trump Can’t Stop Pence From Testifying to Jan. 6 Grand Jury, Court Rules"
"Korean Dressing, Irish Poetry and ‘American Pie’: A State Dinner of Harmony"
House Republicans Pass Debt Ceiling Bill
"In Bipartisan Bill, Senators Urge Supreme Court to Adopt Ethics Code"
"On Eve of Trial, Discovery of Carlson Texts Set Off Crisis Atop Fox"
First Republic Lurches as It Struggles to Find a Savior
